Top pages,Clicks,Impressions,CTR,Position
https://crunchmilk.com/wind-speed-converter/,1,68,1.47%,16.15
https://crunchmilk.com/social-security-benefit-calculator/,1,68,1.47%,65.62
https://crunchmilk.com/laminate-flooring-calculator/,1,36,2.78%,50.22
https://crunchmilk.com/ovulation-calculator/,1,24,4.17%,82.88
https://crunchmilk.com/boat-fuel-calculator/,1,16,6.25%,8.81
https://crunchmilk.com/ai-detection-score-calculator/,1,9,11.11%,48.22
https://crunchmilk.com/fertilizer-cost-per-acre-calculator/,1,8,12.5%,7.12
https://crunchmilk.com/bullet-drop-ballistic-calculator/,1,8,12.5%,40.25
https://crunchmilk.com/crypto-whale-alert-calculator/,1,7,14.29%,10.86
https://crunchmilk.com/halloween-candy-cost-calculator/,1,2,50%,6
https://crunchmilk.com/shotgun-choke-spread-calculator/,1,1,100%,4
https://crunchmilk.com/batt-insulation-calculator/,0,164,0%,30.19
https://crunchmilk.com/oil-price-gas-pump-calculator/,0,154,0%,7.75
https://crunchmilk.com/road-trip-fuel-calculator/,0,115,0%,75.27
https://crunchmilk.com/student-loan-repayment-calculator/,0,98,0%,74.49
https://www.crunchmilk.com/cost-per-mile-calculator/,0,96,0%,21.43
https://www.crunchmilk.com/biorhythm-calculator/,0,69,0%,39.49
https://crunchmilk.com/raised-bed-soil-calculator/,0,67,0%,47.49
https://crunchmilk.com/sonotube-calculator/,0,64,0%,25.41
https://www.crunchmilk.com/medication-half-life-calculator/,0,58,0%,18.12
https://www.crunchmilk.com/rv-propane-calculator/,0,58,0%,18.38
https://www.crunchmilk.com/vo2-max-calculator/,0,55,0%,13.33
https://crunchmilk.com/safe-withdrawal-rate-calculator/,0,54,0%,13.89
https://www.crunchmilk.com/quilt-backing-calculator/,0,51,0%,20.73
https://crunchmilk.com/cost-per-mile-calculator/,0,47,0%,19.06
https://crunchmilk.com/freelance-rate-calculator/,0,42,0%,57.38
https://crunchmilk.com/silver-dollar-melt-value-calculator/,0,38,0%,57.18
https://www.crunchmilk.com/business-license-fee-calculator/,0,36,0%,10.36
https://crunchmilk.com/twitch-earnings-calculator/,0,36,0%,12.36
https://crunchmilk.com/concrete-block-fill-calculator/,0,36,0%,38.78
https://www.crunchmilk.com/brick-calculator/,0,36,0%,65
https://crunchmilk.com/filament-cost-calculator/,0,33,0%,10.94
https://crunchmilk.com/population-growth-calculator/,0,31,0%,44.87
https://www.crunchmilk.com/epoxy-floor-calculator/,0,30,0%,16.4
https://crunchmilk.com/drain-slope-calculator/,0,30,0%,63
https://www.crunchmilk.com/plywood-calculator/,0,29,0%,45.21
https://crunchmilk.com/home-battery-calculator/,0,22,0%,41.86
https://crunchmilk.com/steps-to-calories-calculator/,0,22,0%,56.55
https://crunchmilk.com/box-size-calculator/,0,21,0%,73.05
https://crunchmilk.com/muzzle-energy-calculator/,0,19,0%,24.95
https://crunchmilk.com/ai-job-displacement-calculator/,0,17,0%,7.35
https://www.crunchmilk.com/cattle-fencing-calculator/,0,17,0%,7.65
https://www.crunchmilk.com/sourdough-starter-calculator/,0,17,0%,20.18
https://crunchmilk.com/cmu-wall-calculator/,0,17,0%,23.06
https://crunchmilk.com/uk-pension-calculator/,0,17,0%,87.06
https://crunchmilk.com/swimming-pace-calculator/,0,16,0%,46.31
https://www.crunchmilk.com/plant-spacing-calculator/,0,14,0%,47.21
https://crunchmilk.com/ink-cost-per-page-calculator/,0,12,0%,19.5
https://crunchmilk.com/wilks-score-calculator/,0,12,0%,49
https://crunchmilk.com/interstate-migration-calculator/,0,12,0%,50.92
https://crunchmilk.com/travel-visa-cost-calculator/,0,12,0%,58.17
https://www.crunchmilk.com/water-heater-sizing-calculator/,0,10,0%,67.2
https://crunchmilk.com/homebrew-abv-calculator/,0,10,0%,83.5
https://crunchmilk.com/wildfire-risk-calculator/,0,9,0%,30
https://crunchmilk.com/dew-point-from-humidity-calculator/,0,9,0%,70.89
https://crunchmilk.com/heat-index-temperature-calculator/,0,9,0%,72
https://crunchmilk.com/off-grid-battery-calculator/,0,9,0%,86.11
https://crunchmilk.com/print-resolution-megapixel-calculator/,0,8,0%,82.25
https://crunchmilk.com/motor-horsepower-calculator/,0,8,0%,83.5
https://crunchmilk.com/food-truck-profit-calculator/,0,7,0%,5
https://crunchmilk.com/,0,6,0%,10.67
https://crunchmilk.com/precious-metal-storage-cost-calculator/,0,6,0%,34.5
https://crunchmilk.com/heat-index-calculator/,0,6,0%,52.33
https://crunchmilk.com/gravitational-force-calculator/,0,6,0%,54.17
https://crunchmilk.com/side-hustle-income-calculator/,0,6,0%,75.83
https://crunchmilk.com/focal-length-crop-calculator/,0,5,0%,47
https://crunchmilk.com/candle-fragrance-calculator/,0,5,0%,47.2
https://crunchmilk.com/print-size-calculator/,0,4,0%,33
https://crunchmilk.com/overtime-worth-calculator/,0,4,0%,38
https://crunchmilk.com/canada-provincial-tax-calculator/,0,4,0%,48
https://crunchmilk.com/gratitude-practice-benefits-calculator/,0,3,0%,3.33
https://crunchmilk.com/cooking-calculators/,0,3,0%,5.67
https://crunchmilk.com/postpartum-recovery-calculator/,0,3,0%,6.67
https://crunchmilk.com/label-sheet-calculator/,0,3,0%,7
https://crunchmilk.com/dog-walking-calories-calculator/,0,3,0%,7.67
https://crunchmilk.com/baby-formula-calculator/,0,3,0%,24
https://crunchmilk.com/sports-calculators/,0,3,0%,29
https://crunchmilk.com/ai-agent-cost-calculator/,0,3,0%,37
https://crunchmilk.com/uk-student-loan-repayment-calculator/,0,3,0%,49.67
https://crunchmilk.com/integer-operations-calculator/,0,3,0%,50.33
https://crunchmilk.com/crypto-portfolio-rebalance-calculator/,0,3,0%,53.33
https://crunchmilk.com/decibel-calculator/,0,3,0%,67.33
https://crunchmilk.com/stock-market-drop-401k-calculator/,0,2,0%,4
https://crunchmilk.com/daily-mood-score-calculator/,0,2,0%,8.5
https://www.crunchmilk.com/candle-wax-calculator/,0,2,0%,45
https://crunchmilk.com/water-heater-sizing-calculator/,0,2,0%,75.5
https://crunchmilk.com/gardening-calculators/,0,2,0%,81.5
https://crunchmilk.com/fuel-hedging-calculator/,0,1,0%,3
https://crunchmilk.com/seed-oil-intake-calculator/,0,1,0%,5
https://crunchmilk.com/sea-level-rise-calculator/,0,1,0%,6
https://crunchmilk.com/trademark-filing-cost-calculator/,0,1,0%,6
https://crunchmilk.com/business-idea-viability-quiz/,0,1,0%,8
https://crunchmilk.com/diesel-cost-per-mile-calculator/,0,1,0%,11
https://crunchmilk.com/social-connection-health-calculator/,0,1,0%,30
https://crunchmilk.com/rv-campground-budget-calculator/,0,1,0%,44
https://crunchmilk.com/smart-contract-gas-cost-calculator/,0,1,0%,55
https://crunchmilk.com/inflation-purchasing-power-calculator/,0,1,0%,70
https://crunchmilk.com/work-life-balance-calculator/,0,1,0%,80
https://www.crunchmilk.com/health-insurance-premium-calculator/,0,1,0%,85
https://crunchmilk.com/freelance-hourly-rate-calculator/,0,1,0%,90
https://crunchmilk.com/australia-stamp-duty-calculator/,0,1,0%,91